probability,verdict,path_a,path_b,d_ahash,d_dhash,d_phash,dim_ratio,aspect_delta,size_ratio,hist_distance,brightness_delta,contrast_delta
0.507842,1,"demo/images/8.jpg","demo/images/4.jpg",16,18,26,0.982241,0.00198216,0.968463,0.125977,0.040247,0.0980501
0.92859,1,"demo/images/8.jpg","demo/images/8_cropped.jpg",18,12,16,0.484972,8.46274e-05,0.569848,0.173828,0.0503549,0.0312235
0.208968,0,"demo/images/8.jpg","demo/images/4_flipped.jpg",16,18,30,0.982241,0.00198216,0.99139,0.128906,0.038895,0.0961648
0.04385,0,"demo/images/8.jpg","demo/images/fabio-sasso-T_YG9paUo5I-unsplash.jpg",16,18,28,0.25452,0.00198216,0.301334,0.131836,0.0403355,0.0977568
0.999998,1,"demo/images/8.jpg","demo/images/saleh-iU4ydxNdxy0-unsplash.jpg",0,0,2,0.25,0,0.194626,0.00878906,0.000361581,0.00191228
0.00425345,0,"demo/images/7_cropped.jpg","demo/images/7.jpg",7,31,26,0.536641,0,0.61434,0.105469,0.0200677,0.0149174
0.000940176,0,"demo/images/7_cropped.jpg","demo/images/pawel-czerwinski-tkKMInGuxk8-unsplash.jpg",8,32,26,0.13416,0,0.171695,0.106445,0.0200969,0.0165606
0.958193,1,"demo/images/6_cropped.jpg","demo/images/6.jpg",5,14,16,0.658867,0.000949541,0.799583,0.146484,0.034748,0.0764021
0.905557,1,"demo/images/6_cropped.jpg","demo/images/marek-piwnicki-CqCvgf-_dFE-unsplash.jpg",5,13,16,0.164836,0.000223589,0.211034,0.140625,0.0346536,0.0749714
3.30566e-08,0,"demo/images/6_cropped.jpg","demo/images/10_flipped.jpg",11,25,28,0.164636,0.981053,0.274129,0.654297,0.0601168,0.240599
0.912567,1,"demo/images/claudio-schwarz-7CbegtZVUHs-unsplash.jpg","demo/images/2_rot.jpg",6,13,20,0.190032,0.000131294,0.224706,0.0341797,0.00681176,0.00761229
0.999999,1,"demo/images/claudio-schwarz-7CbegtZVUHs-unsplash.jpg","demo/images/2.jpg",0,0,0,0.25,0,0.297935,0.00683594,9.75964e-05,0.000108913
0.999998,1,"demo/images/hanna-lazar-Qig5SzMq-i4-unsplash.jpg","demo/images/5.jpg",0,1,0,0.25,0,0.25462,0.015625,0.000159739,0.000381097
0.999999,1,"demo/images/1.jpg","demo/images/alexander-lunyov-rLvgkl-NxMI-unsplash.jpg",0,1,0,0.25,0,0.226403,0.00488281,0.000137299,0.00105566
1,1,"demo/images/1.jpg","demo/images/1_rot.jpg",0,0,0,1,0,1,0,0,0
0.999997,1,"demo/images/6.jpg","demo/images/marek-piwnicki-CqCvgf-_dFE-unsplash.jpg",0,3,0,0.250182,0.000725953,0.26393,0.015625,9.43651e-05,0.00143066
6.18669e-10,0,"demo/images/6.jpg","demo/images/tim-mossholder-_Mosx4uonLE-unsplash.jpg",16,29,34,0.0624832,0.979881,0.111244,0.670898,0.0245783,0.163648
7.25628e-07,0,"demo/images/6.jpg","demo/images/10_flipped.jpg",12,21,22,0.249877,0.980103,0.342839,0.666016,0.0253688,0.164197
0.661906,1,"demo/images/4.jpg","demo/images/4_flipped.jpg",16,14,32,1,0,0.976874,0.0244141,0.00135203,0.00188535
0.999995,1,"demo/images/4.jpg","demo/images/fabio-sasso-T_YG9paUo5I-unsplash.jpg",0,0,4,0.25,0,0.291831,0.0126953,8.84262e-05,0.000293374
0.105112,0,"demo/images/4.jpg","demo/images/saleh-iU4ydxNdxy0-unsplash.jpg",16,18,26,0.24556,0.00198216,0.188488,0.126953,0.0406086,0.0999624
0.999996,1,"demo/images/the-metropolitan-museum-of-art-h3a2aEb0y0o-unsplash.jpg","demo/images/9.jpg",0,2,2,0.250176,0.000704473,0.217372,0.015625,0.000644998,0.000541985
0.999909,1,"demo/images/the-metropolitan-museum-of-art-h3a2aEb0y0o-unsplash.jpg","demo/images/9_cropped.jpg",8,4,8,0.233912,0.0125459,0.227201,0.0244141,0.00335239,0.00124398
0.849709,1,"demo/images/8_cropped.jpg","demo/images/saleh-iU4ydxNdxy0-unsplash.jpg",18,12,16,0.121243,8.46274e-05,0.110907,0.170898,0.0507165,0.0331358
0.0858133,0,"demo/images/4_flipped.jpg","demo/images/fabio-sasso-T_YG9paUo5I-unsplash.jpg",16,14,34,0.25,0,0.29874,0.0175781,0.00144046,0.00159198
0.0305791,0,"demo/images/4_flipped.jpg","demo/images/saleh-iU4ydxNdxy0-unsplash.jpg",16,18,30,0.24556,0.00198216,0.19295,0.129883,0.0392566,0.0980771
0.985389,1,"demo/images/2_rot.jpg","demo/images/2.jpg",6,13,20,0.760126,0.000131294,0.754214,0.0341797,0.00671417,0.00750338
0.999999,1,"demo/images/3.jpg","demo/images/diego-marin-GsPK5JFK5t8-unsplash.jpg",0,1,0,0.250081,0.00032515,0.243761,0.00390625,0.00011477,0.000131279
1.12884e-09,0,"demo/images/marek-piwnicki-CqCvgf-_dFE-unsplash.jpg","demo/images/tim-mossholder-_Mosx4uonLE-unsplash.jpg",16,28,34,0.249751,0.980607,0.42149,0.669922,0.0246727,0.165078
2.37556e-05,0,"demo/images/marek-piwnicki-CqCvgf-_dFE-unsplash.jpg","demo/images/10_flipped.jpg",12,20,22,0.998784,0.980829,0.769837,0.665039,0.0254631,0.165627
0.249511,0,"demo/images/tim-mossholder-_Mosx4uonLE-unsplash.jpg","demo/images/10_flipped.jpg",8,16,28,0.250056,0.000222247,0.324478,0.0292969,0.000790465,0.00054884
0.999996,1,"demo/images/tim-mossholder-_Mosx4uonLE-unsplash.jpg","demo/images/10.jpg",1,1,2,0.250056,0.000222247,0.296014,0.0146484,6.43861e-05,0.000113845
0.807539,1,"demo/images/10_flipped.jpg","demo/images/10.jpg",9,17,28,1,0,0.912277,0.0175781,0.000726079,0.000434995
0.999999,1,"demo/images/alexander-lunyov-rLvgkl-NxMI-unsplash.jpg","demo/images/1_rot.jpg",0,1,0,0.25,0,0.226403,0.00488281,0.000137299,0.00105566
0.999998,1,"demo/images/7.jpg","demo/images/pawel-czerwinski-tkKMInGuxk8-unsplash.jpg",1,1,0,0.25,0,0.279478,0.0175781,2.92011e-05,0.00164314
0.537198,1,"demo/images/fabio-sasso-T_YG9paUo5I-unsplash.jpg","demo/images/saleh-iU4ydxNdxy0-unsplash.jpg",16,18,28,0.982241,0.00198216,0.645881,0.132812,0.040697,0.099669
0.999957,1,"demo/images/9.jpg","demo/images/9_cropped.jpg",8,6,10,0.934989,0.0132504,0.956738,0.0283203,0.00399738,0.000701994
